fill	x	y	showSelectedlegendfill
#FFFFFF	1.61808543795914	2.06739808397873	max
#FFFFFF	1.82560936331963	4.26139835647981	max
#FFFFFF	1.72445656094585	3.97482577213786	max
#FFFFFF	1.64296630020017	2.71701028398385	max
#FFFFFF	1.8015651024153	3.26518538624204	max
#FFFFFF	1.69659148379588	1.13643272732406	max
#FFFFFF	1.63737667622902	2.27284346410842	max
#FFFFFF	1.60615385014149	1.38565083489553	max
#FFFFFF	1.60752259674322	0.492585941448176	max
#FFFFFF	1.61550704222902	2.13713710441581	max
#FFFFFF	1.66644278137904	0.965293274906943	max
#FFFFFF	1.65564225297093	0.435198843880133	max
#FFFFFF	1.8297691956749	4.14990805539479	max
#FFFFFF	1.73995613014164	4.4020184946917	max
#FFFFFF	1.68181036945077	0.937658965079101	max
#FFFFFF	1.58879425075762	3.17164978103177	max
#FFFFFF	1.61680125683511	3.0679625505633	max
#FFFFFF	1.82882026639122	2.66958220329113	max
#FFFFFF	1.73877341913484	4.16898699059023	max
#FFFFFF	1.82528414497544	2.39473287695651	max
#FFFFFF	1.64514931173688	0.730793396188341	max
#FFFFFF	1.75926081062039	1.95334348131924	max
#FFFFFF	1.66644278137904	2.95676347453259	max
#FFFFFF	1.65564225297093	2.53703925215151	max
#FFFFFF	1.72575696101378	3.6391846358987	max
#FFFFFF	1.82722411492142	2.9437181910594	max
#FFFFFF	1.73022214150089	3.3593406009708	max
#FFFFFF	1.61156271226651	0.727907280971399	max
#FFFFFF	1.62558767318528	1.34392803546472	max
#FFFFFF	1.61288792166534	2.48942330405145	max
#FFFFFF	1.57115110896884	2.18621852778528	max
#FFFFFF	1.58416058018474	1.332750695731	max
#FFFFFF	1.57115110896884	1.67822563985501	max
#FFFFFF	1.86872738718107	2.75223297494833	max
#FFFFFF	1.7064536073164	1.64141056404824	max
#FFFFFF	1.79116797576679	2.28261423873051	max
#FFFFFF	1.59913701799709	1.13887352291668	max
#FFFFFF	1.60615385014149	0.928311648632429	max
#FFFFFF	1.61808543795914	1.31104998879668	max
#FFFFFF	1.72314488705205	1.14608785588998	max
#FFFFFF	1.57449728399522	0.328374052742069	max
#FFFFFF	1.62436077364851	0.885928801730939	max
#FFFFFF	1.81724170397119	4.19475776357916	max
#FFFFFF	1.69181861636243	3.13271147673075	max
#FFFFFF	1.63623532049494	2.04892274970909	max
#FFFFFF	1.61156271226651	1.95623611253312	max
#FFFFFF	1.78610128168745	2.73577600770777	max
#FFFFFF	1.695806132463	2.3156258665026	max
#FFFFFF	1.7064536073164	1.85227766855019	max
#FFFFFF	1.64186366394411	1.05876416104888	max
#FFFFFF	1.59913701799709	1.91186286797501	max
#FFFFFF	1.60056406759735	2.30975129288785	max
#FFFFFF	1.86825317323007	1.90094261928307	max
#FFFFFF	1.79606119914403	1.99500675934298	max
#FFFFFF	1.69737287371485	1.7705468942449	max
#FFFFFF	1.82690266560073	0.413580565802752	max
#FFFFFF	1.63276252875225	3.78431450236119	max
#FFFFFF	1.64296630020017	2.73402444243278	max
#FFFFFF	1.74573294470654	1.84045163071972	max
#FFFFFF	1.58726369730255	0.631919496558248	max
#FFFFFF	1.54571993609976	1.53626855874073	max
#FFFFFF	1.5271796258079	2.09714915464743	max
#FFFFFF	1.49647257968519	1.28399846698567	max
#FFFFFF	1.81232706381217	2.61406621077438	max
#FFFFFF	1.7064536073164	1.24281920323169	max
#FFFFFF	1.65564225297093	1.68216629612872	max
#FFFFFF	1.6047738008405	1.0774438044027	max
#FFFFFF	1.62558767318528	1.5664812214693	max
#FFFFFF	1.75346059894141	0.0870156233967241	max
#FFFFFF	1.80611833994117	3.44260733223977	max
#FFFFFF	1.71008457105669	1.84093433191956	max
#FFFFFF	1.61022686232037	2.13307302942986	max
#FFFFFF	1.61935972946482	1.22771250335008	max
#FFFFFF	1.75874286533891	0.948168612307054	max
#FFFFFF	1.65564225297093	0.42554797761231	max
#FFFFFF	1.66644278137904	2.14855813711068	max
#FFFFFF	1.65564225297093	1.0805203160059	max
#FFFFFF	1.80797302989007	2.12308100136392	max
#FFFFFF	1.60888021170078	0.163634567578023	max
#FFFFFF	1.63276252875225	1.53489537814849	max
#FFFFFF	1.82945360871855	4.39689434444523	max
#FFFFFF	1.73698162118278	3.36515367373063	max
#FFFFFF	1.64075348118443	2.06205037256872	max
#FFFFFF	1.65256556529519	2.083822113051	max
#FFFFFF	1.62558767318528	0.26738852254799	max
#FFFFFF	1.59624606804037	-0.957763200953081	max
#FFFFFF	1.60056406759735	0.100295514198906	max
#FFFFFF	1.66356896183731	3.38375247673957	max
#FFFFFF	1.72768681532472	1.75158422601604	max
#FFFFFF	1.61935972946482	3.77928490826354	max
#FFFFFF	1.63508591530806	2.69179676155539	max
#FFFFFF	1.80423894745445	3.50344235082207	max
#FFFFFF	1.62062427222695	0.141613804780468	max
#FFFFFF	1.70718670661173	-1.13417653063193	max
#FFFFFF	1.62312466055847	0.562072528612395	max
#FFFFFF	1.64406148502088	0.141810105488096	max
#FFFFFF	1.7890785923346	3.19184396938697	max
#FFFFFF	1.71641080083817	0.704450705958737	max
#FFFFFF	1.74516524803776	2.59951900216672	max
#FFFFFF	1.63623532049494	1.14541701869596	max
#FFFFFF	1.56248982174286	0.213811323908193	max
#FFFFFF	1.65359769170101	1.30035988293676	max
#FFFFFF	1.57449728399522	2.04506762388721	max
#FFFFFF	1.62187920421241	2.37342769337101	max
#FFFFFF	1.65965474833333	0.708353761255119	max
#FFFFFF	1.71363144271043	2.17477709705161	max
#FFFFFF	1.69969364431463	1.70554892410448	max
#FFFFFF	1.66644278137904	2.54496538516583	max
#FFFFFF	1.65564225297093	2.56174268120224	max
#FFFFFF	1.61420264720442	3.62927427169324	max
#FFFFFF	1.63040563993356	3.02752879408453	max
#FFFFFF	1.79606119914403	1.39976880532418	max
#FFFFFF	1.70718670661173	0.603479416060961	max
#FFFFFF	1.7064536073164	0.20289249212309	max
#FFFFFF	1.73877341913484	2.80750480918295	max
#FFFFFF	1.82882026639122	3.99525187243763	max
#FFFFFF	1.73758127494342	2.61332981394445	max
#FFFFFF	1.64730325573662	1.27781679865546	max
#FFFFFF	1.82031228082514	4.57087440698585	max
#FFFFFF	1.70423309151981	3.88207538135591	max
#FFFFFF	1.63392835422899	1.95162954005963	max
#FFFFFF	1.81963574556907	3.08952458016469	max
#FFFFFF	1.72182175501809	3.82404046760856	max
#FFFFFF	1.63508591530806	2.36470772786159	max
#FFFFFF	1.75926081062039	-1.01724705020939	max
#FFFFFF	1.66644278137904	2.98442336148029	max
#FFFFFF	1.65564225297093	2.83900410944367	max
#FFFFFF	1.60056406759735	2.03287993694804	max
#FFFFFF	1.61680125683511	2.02773008840368	max
#FFFFFF	1.66644278137904	3.46835886312654	max
#FFFFFF	1.65564225297093	2.6837036822853	max
#FFFFFF	1.74686187124209	0.899563408192687	max
#FFFFFF	1.64514931173688	1.69608509875297	max
#FFFFFF	1.51827571994606	-0.173795937575585	max
#FFFFFF	1.53357772659197	1.24655614394564	max
#FFFFFF	1.52499483819538	1.13911936614089	max
#FFFFFF	1.75926081062039	1.93545926849104	max
#FFFFFF	1.71363144271043	2.21334808909299	max
#FFFFFF	1.66644278137904	1.93308568601281	max
#FFFFFF	1.65564225297093	2.31764899644621	max
#FFFFFF	1.65462322824375	1.32168520132794	max
#FFFFFF	1.58416058018474	1.91678487412048	max
#FFFFFF	1.54375339668197	0.887542084667922	max
#FFFFFF	1.5570771281373	2.01085866934951	max
#FFFFFF	1.55890016225773	1.87157944730297	max
#FFFFFF	1.75977693591628	1.13760177632113	max
#FFFFFF	1.71363144271043	1.99152189603757	max
#FFFFFF	1.66644278137904	1.89688331546952	max
#FFFFFF	1.65564225297093	1.54838278761654	max
#FFFFFF	1.79686064611672	2.16864684696304	max
#FFFFFF	1.69815033940554	1.75658350291363	max
#FFFFFF	1.64942884563729	2.22771502754856	max
#FFFFFF	1.60197909050574	2.4693949811377	max
#FFFFFF	1.61022686232037	0.95680439548075	max
#FFFFFF	1.59478177100377	1.60349226995573	max
#FFFFFF	1.56600662976001	0.537610392151271	max
#FFFFFF	1.57115110896884	2.23652136578414	max
#FFFFFF	1.56600662976001	2.08386414706576	max
#FFFFFF	1.65965474833333	2.29412826793523	max
#FFFFFF	1.63623532049494	1.19735791915628	max
#FFFFFF	1.7034857400508	1.07823615704675	max
#FFFFFF	1.63737667622902	1.43952705218268	max
#FFFFFF	1.59769775015494	2.57130925372984	max
#FFFFFF	1.60197909050574	2.53058144473128	max
#FFFFFF	1.57115110896884	1.16648786308391	max
#FFFFFF	1.73817853498308	3.13992665769669	max
#FFFFFF	1.71846254557336	2.16127187696915	max
#FFFFFF	1.86825317323007	1.50007542936677	max
#FFFFFF	1.71151320571678	0.599945737261003	max
#FFFFFF	1.66644278137904	1.7241404703477	max
#FFFFFF	1.65462322824375	0.522616286838423	max
#FFFFFF	1.79565978525711	0.532141621744562	max
#FFFFFF	1.78781016586862	-0.828177236086165	max
#FFFFFF	1.81929624325458	4.4125860371458	max
#FFFFFF	1.73022214150089	2.18597014354302	max
#FFFFFF	1.64075348118443	1.66347395911281	max
#FFFFFF	1.79404271996657	1.6244380887739	max
#FFFFFF	1.68352353885613	1.15649832678373	max
#FFFFFF	1.62558767318528	1.58255087829183	max
#FFFFFF	1.59031111151726	-0.0344935704207101	max
#FFFFFF	1.59031111151726	1.43822975258004	max
#FFFFFF	1.61808543795914	1.88299845633034	max
#FFFFFF	1.66644278137904	1.91208006648432	max
#FFFFFF	1.65564225297093	0.765947653362924	max
#FFFFFF	1.73758127494342	0.223522290668361	max
#FFFFFF	1.69019451893303	2.4484626815322	max
#FFFFFF	1.63851008693496	1.70181054188705	max
#FFFFFF	1.65048122380753	1.96762093957242	max
#FFFFFF	1.69737287371485	2.26221765971517	max
#FFFFFF	1.70718670661173	1.43434085938651	max
#FFFFFF	1.7064536073164	1.45184622863754	max
#FFFFFF	1.61680125683511	0.598681876156627	max
#FFFFFF	1.6047738008405	-1.13096220911621	max
#FFFFFF	1.61680125683511	0.278995541033001	max
#FFFFFF	1.66644278137904	2.73207721323898	max
#FFFFFF	1.65564225297093	1.62552396270064	max
#FFFFFF	1.8297691956749	3.62253148385618	max
#FFFFFF	1.73698162118278	4.79404057994266	max
#FFFFFF	1.65256556529519	1.55058123228696	max
#FFFFFF	1.63851008693496	1.72427994075206	max
#FFFFFF	1.60752259674322	1.73395019706197	max
#FFFFFF	1.71222255149704	1.06688804012325	max
#FFFFFF	1.69969364431463	0.978301036992586	max
#FFFFFF	1.66644278137904	1.61962472744444	max
#FFFFFF	1.65564225297093	1.9893296186361	max
#FFFFFF	1.77021535062659	2.68230512234647	max
#FFFFFF	1.66549059875827	1.80583906743084	max
#FFFFFF	1.58726369730255	-0.105055976340523	max
#FFFFFF	1.57115110896884	1.58204507943406	max
#FFFFFF	1.82882026639122	3.32833612610896	max
#FFFFFF	1.64836955136057	1.28033495922353	max
#FFFFFF	1.71363144271043	0.747023913048998	max
#FFFFFF	1.69969364431463	-0.0414106873664394	max
#FFFFFF	1.65564225297093	0.55790244697257	max
#FFFFFF	1.58879425075762	0.341962975256271	max
#FFFFFF	1.59031111151726	0.924580484958246	max
#FFFFFF	1.61550704222902	1.66606222887759	max
#FFFFFF	1.8303982166304	1.38792467040521	max
#FFFFFF	1.74853932201683	2.94993108127245	max
#FFFFFF	1.64296630020017	1.36268636246601	max
#FFFFFF	1.5293379817723	1.42377389793969	max
#FFFFFF	1.52499483819538	0.409745786511649	max
#FFFFFF	1.81585503494969	3.28505257616346	max
#FFFFFF	1.71222255149704	4.04304993303989	max
#FFFFFF	1.61156271226651	0.493712062319779	max
#FFFFFF	1.62436077364851	0.733407591775946	max
#FFFFFF	1.82882026639122	3.70921248796031	max
#FFFFFF	1.56248982174286	2.04566684038915	max
#FFFFFF	1.5933046536325	2.17920509237942	max
#FFFFFF	1.75874286533891	2.13079692501541	max
#FFFFFF	1.71363144271043	2.48465871595891	max
#FFFFFF	1.66644278137904	1.87044285481102	max
#FFFFFF	1.79606119914403	-0.19682195412055	max
#FFFFFF	1.78610128168745	1.47811256258446	max
#FFFFFF	1.69737287371485	2.8844839172655	max
#FFFFFF	1.70718670661173	2.64414394865202	max
#FFFFFF	1.66926554801688	1.36042835659477	max
#FFFFFF	1.63040563993356	1.95275277469006	max
#FFFFFF	1.61288792166534	2.26163472608594	max
#FFFFFF	1.63737667622902	2.51438446671075	max
#FFFFFF	1.76876906622125	1.59408583560705	max
#FFFFFF	1.57614622446784	1.33343654201012	max
#FFFFFF	1.56945328487701	1.4341930425224	max
#FFFFFF	1.53147049273831	1.34242411408889	max
#FFFFFF	1.77021535062659	0.91925759139234	max
#FFFFFF	1.66738929214146	1.55501418215884	max
#FFFFFF	1.55149071327081	-0.951317301815348	max
#FFFFFF	1.68937607351134	1.88111504753072	max
#FFFFFF	1.66162385851159	0.939285873580521	max
#FFFFFF	1.65048122380753	1.24235919076959	max
#FFFFFF	1.76876906622125	2.81154298796284	max
#FFFFFF	1.64942884563729	1.92890296294038	max
#FFFFFF	1.54176463442812	2.069627948285	max
#FFFFFF	1.59769775015494	1.29705826240561	max
#FFFFFF	1.71008457105669	1.96071224630972	max
#FFFFFF	1.66356896183731	2.9957226137634	max
#FFFFFF	1.61156271226651	2.270263144594	max
#FFFFFF	1.61680125683511	2.63946196635221	max
#FFFFFF	1.63851008693496	2.98222253144197	max
#FFFFFF	1.60615385014149	2.85329420088614	max
#FFFFFF	1.61680125683511	2.26437884298252	max
#FFFFFF	1.823975599746	4.50388526240608	max
#FFFFFF	1.71778169950133	3.47155906966049	max
#FFFFFF	1.63963565507242	2.08195598412568	max
#FFFFFF	1.77814958249713	1.58665323152422	max
#FFFFFF	1.69422339421838	0.22556357856833	max
#FFFFFF	1.61680125683511	4.14994602484463	max
#FFFFFF	1.62921434876459	2.92512647959338	max
#FFFFFF	1.60752259674322	-0.326979143984416	max
#FFFFFF	1.57614622446784	-0.183813974331214	max
#FFFFFF	1.82818401200593	1.67032681404744	max
#FFFFFF	1.83008406395481	4.22923165469217	max
#FFFFFF	1.73877341913484	3.66081540949502	max
#FFFFFF	1.65359769170101	2.03427909009211	max
#FFFFFF	1.82463141352458	5.31490934403891	max
#FFFFFF	1.64514931173688	0.349767566992795	max
#FFFFFF	1.64514931173688	1.85930987430706	max
#FFFFFF	1.82818401200593	2.88004887360689	max
#FFFFFF	1.68605865521564	2.20593096356345	max
#FFFFFF	1.63508591530806	3.15119995780445	max
#FFFFFF	1.64406148502088	2.79112471794241	max
#FFFFFF	1.61808543795914	-1.05939824924993	max
#FFFFFF	1.67295269137445	-1.06531554469552	max
#FFFFFF	1.62312466055847	1.965560778372	max
#FFFFFF	1.64186366394411	2.22225578745769	max
#FFFFFF	1.59478177100377	0.219538745233532	max
#FFFFFF	1.58879425075762	2.14978111561402	max
#FFFFFF	1.61808543795914	1.75679795348883	max
#FFFFFF	1.81585503494969	2.05161767438378	max
#FFFFFF	1.71080055520811	3.2056500297803	max
#FFFFFF	1.62558767318528	0.623700693739054	max
#FFFFFF	1.69019451893303	-0.704096475349067	max
#FFFFFF	1.58258753588798	0.404460415287683	max
#FFFFFF	1.58416058018474	-1.08855353606227	max
#FFFFFF	1.80309919552059	2.93490037356029	max
#FFFFFF	1.70122168601435	4.41553581453345	max
#FFFFFF	1.61420264720442	0.625635522764933	max
#FFFFFF	1.82528414497544	4.05211041432936	max
#FFFFFF	1.72640298978127	3.7246176061239	max
#FFFFFF	1.64942884563729	1.99050251837751	max
#FFFFFF	1.77860303829764	2.7034090962837	max
#FFFFFF	1.64406148502088	3.89204176769069	max
#FFFFFF	1.58416058018474	1.20400861728899	max
#FFFFFF	1.79281776896491	3.13314424817788	max
#FFFFFF	1.67744381527656	3.47441145033473	max
#FFFFFF	1.59913701799709	1.22858115894568	max
#FFFFFF	1.65564225297093	0.351849058696356	max
#FFFFFF	1.63158832825324	2.24677470121135	max
#FFFFFF	1.64622987198262	2.40958689200224	max
#FFFFFF	1.69659148379588	2.04203009448925	max
#FFFFFF	1.6047738008405	3.82873647639975	max
#FFFFFF	1.63508591530806	3.44217816221953	max
#FFFFFF	1.61022686232037	2.07812431914888	max
#FFFFFF	1.62558767318528	1.5495732753628	max
#FFFFFF	1.73147397790809	1.62934613730861	max
#FFFFFF	1.64406148502088	1.39816935495454	max
#FFFFFF	1.48313047774119	2.33775260922077	max
#FFFFFF	1.49388053980827	2.89272460946094	max
#FFFFFF	1.68352353885613	2.16810374590805	max
#FFFFFF	1.64942884563729	1.59808695006038	max
#FFFFFF	1.62921434876459	3.12437039030983	max
#FFFFFF	1.64075348118443	3.19997650634808	max
#FFFFFF	1.69737287371485	2.66563808504738	max
#FFFFFF	1.70718670661173	0.467109155318079	max
#FFFFFF	1.82818401200593	4.05059719612887	max
#FFFFFF	1.73333240671587	2.93906567455168	max
#FFFFFF	1.64836955136057	2.0973262304735	max
#FFFFFF	1.69262435098263	2.36717427873521	max
#FFFFFF	1.58571921956013	1.21154114685597	max
#FFFFFF	1.59769775015494	0.155806366568281	max
#FFFFFF	1.61420264720442	0.578412970528776	max
#FFFFFF	1.82528414497544	2.60996339512829	max
#FFFFFF	1.72704626726798	3.21852922219674	max
#FFFFFF	1.80943940202213	2.45373607135552	max
#FFFFFF	1.70791632199672	1.41741765689257	max
#FFFFFF	1.61288792166534	1.21016868019223	max
#FFFFFF	1.82913729999432	3.00361119471338	max
#FFFFFF	1.73877341913484	4.24416578561234	max
#FFFFFF	1.65048122380753	1.52139817170972	max
#FFFFFF	1.78129426704026	3.50910421667621	max
#FFFFFF	1.66738929214146	0.35137200363316	max
#FFFFFF	1.82690266560073	3.51625315529909	max
#FFFFFF	1.73209601101843	3.12741086890998	max
#FFFFFF	1.64730325573662	1.75288537842388	max
#FFFFFF	1.82786478490271	4.20058095495353	max
#FFFFFF	1.73209601101843	3.03168767408473	max
#FFFFFF	1.64730325573662	3.16146933521533	max
#FFFFFF	1.82818401200593	3.76326483127412	max
#FFFFFF	1.73084936145537	3.28745765493573	max
#FFFFFF	1.63158832825324	1.25849994810853	max
#FFFFFF	1.64730325573662	2.88895365288124	max
#FFFFFF	1.7479822769594	2.94231579164366	max
#FFFFFF	1.56600662976001	1.56812750620456	max
#FFFFFF	1.51129561446017	2.78948857415531	max
#FFFFFF	1.48858394603273	0.653469050996451	max
#FFFFFF	1.82658046906389	2.73361390475601	max
#FFFFFF	1.64514931173688	2.06345124299299	max
#FFFFFF	1.82331667615579	3.43568178946272	max
#FFFFFF	1.72768681532472	4.19565576386703	max
#FFFFFF	1.64186366394411	2.32739923401213	max
#FFFFFF	1.82265461490958	4.09063477466587	max
#FFFFFF	1.72248476499398	1.78953121335975	max
#FFFFFF	1.63623532049494	2.67911756030157	max
#FFFFFF	1.79033588092489	1.31489036630456	max
#FFFFFF	1.56773856348363	3.28874206306991	max
#FFFFFF	1.59181450560137	3.21423510763846	max
#FFFFFF	1.7198151588095	2.05909002212176	max
#FFFFFF	1.67203892890959	2.69595691996231	max
#FFFFFF	1.62312466055847	1.7468928503768	max
#FFFFFF	1.63963565507242	2.31686356780957	max
#FFFFFF	1.82882026639122	3.7809843997873	max
#FFFFFF	1.73758127494342	4.42449266460932	max
#FFFFFF	1.64406148502088	2.72636124818704	max
#FFFFFF	1.75977693591628	3.33268748748538	max
#FFFFFF	1.82850250477859	4.04411414631858	max
#FFFFFF	1.73758127494342	3.91089375571271	max
#FFFFFF	1.68521817271399	0.784060414493182	max
#FFFFFF	1.64406148502088	1.70688260581378	max
#FFFFFF	1.57614622446784	0.897979675204974	max
#FFFFFF	1.8116106932112	1.78066010281247	max
#FFFFFF	1.62062427222695	-0.98831009864803	max
#FFFFFF	1.61935972946482	-0.0810287963127555	max
#FFFFFF	1.73758127494342	3.65654671086736	max
#FFFFFF	1.65152676960581	1.67150219765917	max
#FFFFFF	1.8303982166304	3.90443757219102	max
#FFFFFF	1.73877341913484	4.64079378203363	max
#FFFFFF	1.65048122380753	3.79173618078323	max
#FFFFFF	1.61808543795914	0.657703956228815	max
#FFFFFF	1.79883981658637	2.84361927982485	max
#FFFFFF	1.63040563993356	0.471393459107753	max
#FFFFFF	1.81445448699216	1.62923511857346	max
#FFFFFF	1.82593382122813	3.09957745539572	max
#FFFFFF	1.62436077364851	1.45383307286402	max
#FFFFFF	1.63508591530806	1.86169437982287	max
#FFFFFF	1.81827275212282	3.24544869387971	max
#FFFFFF	1.60888021170078	1.1818164273791	max
#FFFFFF	1.60197909050574	2.64146255570528	max
#FFFFFF	1.61022686232037	3.31735881248414	max
#FFFFFF	1.8119693354073	4.17917336765015	max
#FFFFFF	1.70571699287209	1.34881089215587	max
#FFFFFF	1.60752259674322	1.76505287435292	max
#FFFFFF	1.61156271226651	3.57729364585692	max
#FFFFFF	1.62801433742922	3.2918828319644	max
#FFFFFF	1.78738484982998	3.91093878731932	max
#FFFFFF	1.71778169950133	3.3657879646829	max
#FFFFFF	1.64406148502088	2.12766446378853	max
#FFFFFF	1.62558767318528	0.169909310703643	max
#FFFFFF	1.63040563993356	0.714313045627577	max
#FFFFFF	1.72895980929144	2.64597735903825	max
#FFFFFF	1.62801433742922	3.99517188117291	max
#FFFFFF	1.64075348118443	2.72376005880706	max
#FFFFFF	1.57614622446784	0.990267099683015	max
#FFFFFF	1.62187920421241	1.0108712604421	max
#FFFFFF	1.65152676960581	0.878049167918474	max
#FFFFFF	1.82495816283714	3.39851314917803	max
#FFFFFF	1.79606119914403	2.34722156358775	max
#FFFFFF	1.68352353885613	3.56559585730728	max
#FFFFFF	1.61680125683511	2.32159664251839	max
#FFFFFF	1.79404271996657	3.20058410885971	max
#FFFFFF	1.69969364431463	4.04068684500298	max
#FFFFFF	1.61680125683511	1.32015812470159	max
#FFFFFF	1.79363557064939	3.05395099884357	max
#FFFFFF	1.69342593031195	1.8541976103456	max
#FFFFFF	1.59913701799709	1.65092381842863	max
#FFFFFF	1.59478177100377	2.72050464722512	max
#FFFFFF	1.62312466055847	1.71155304363162	max
#FFFFFF	1.76484066364247	3.11620186692781	max
#FFFFFF	1.64942884563729	2.47823265742605	max
#FFFFFF	1.54375339668197	1.15312831443115	max
#FFFFFF	1.62921434876459	0.916248766661596	max
#FFFFFF	1.82625752203775	2.4325788509299	max
#FFFFFF	1.74686187124209	2.19720125243908	max
#FFFFFF	1.57939722847365	0.438801731688207	max
#FFFFFF	1.57614622446784	0.544155230832596	max
#FFFFFF	1.72182175501809	2.22591085583316	max
#FFFFFF	1.62187920421241	1.34157580427275	max
#FFFFFF	1.56773856348363	2.00334368533545	max
#FFFFFF	1.62436077364851	2.23221499933594	max
#FFFFFF	1.81689632373067	3.19955714673349	max
#FFFFFF	1.69737287371485	3.850513214621	max
#FFFFFF	1.61550704222902	1.44626930561125	max
#FFFFFF	1.64075348118443	0.849184619867068	max
#FFFFFF	1.82658046906389	2.50967666974027	max
#FFFFFF	1.73147397790809	2.66863285136556	max
#FFFFFF	1.63963565507242	1.70683665637606	max
#FFFFFF	1.69501678201357	2.16343129793418	max
#FFFFFF	1.73333240671587	0.166302698263774	max
#FFFFFF	1.65256556529519	-1.11544901249123	max
#FFFFFF	1.72959229765443	3.39299015513408	max
#FFFFFF	1.62062427222695	0.189724144781748	max
#FFFFFF	1.63508591530806	3.62529723495403	max
#FFFFFF	1.73577506018145	2.48302285316836	max
#FFFFFF	1.73698162118278	0.976004880088101	max
#FFFFFF	1.54766470898114	0.51266970626423	max
#FFFFFF	1.75019800233544	2.70207229216594	max
#FFFFFF	1.60615385014149	2.09276195387323	max
#FFFFFF	1.52499483819538	1.33610714247327	max
#FFFFFF	1.57777944725274	1.08309495185255	max
#FFFFFF	1.81620299322407	2.87152329187417	max
#FFFFFF	1.61680125683511	0.384889632635563	max
#FFFFFF	1.73455870533473	0.956979838252439	max
#FFFFFF	1.63392835422899	0.448345521339979	max
#FFFFFF	1.63276252875225	2.24983264597448	max
#FFFFFF	1.63392835422899	1.48189563555712	max
#FFFFFF	1.73271548071837	0.994666924921666	max
#FFFFFF	1.65866101678505	-0.164974895281602	max
#FFFFFF	1.63623532049494	1.73444827163679	max
#FFFFFF	1.63963565507242	1.92101386371541	max
#FFFFFF	1.82593382122813	3.23827395955088	max
#FFFFFF	1.63040563993356	1.58672200993284	max
#FFFFFF	1.63963565507242	0.702937955511538	max
#FFFFFF	1.61935972946482	2.27354433497276	max
#FFFFFF	1.62680548626165	1.7974506327148	max
#FFFFFF	1.75183830196343	0.204337622036443	max
#FFFFFF	1.7064536073164	-0.454795284342866	max
#FFFFFF	1.79565978525711	1.8242847058363	max
#FFFFFF	1.75238104957734	-0.581100249314618	max
#FFFFFF	1.69659148379588	1.77063489820414	max
#FFFFFF	1.86801543418726	1.35552154733429	max
#FFFFFF	1.79606119914403	1.5138654559515	max
#FFFFFF	1.69737287371485	1.76621842590257	max
#FFFFFF	1.70718670661173	0.939942467598606	max
#FFFFFF	1.70718670661173	-1.97801351245962	max
#FFFFFF	1.79565978525711	0.510200092391424	max
#FFFFFF	1.69737287371485	0.970373053524545	max
#FFFFFF	1.69737287371485	1.99319875108661	max
#FFFFFF	1.70718670661173	1.62761752560732	max
#FFFFFF	1.79565978525711	0.546145395448696	max
#FFFFFF	1.78610128168745	-0.166103224217233	max
#FFFFFF	1.70571699287209	-0.376428162230815	max
#FFFFFF	1.7034857400508	-0.0686126001770297	max
#FFFFFF	1.86801543418726	1.47296831055313	max
#FFFFFF	1.86729967178777	1.54410433383992	max
#FFFFFF	1.7952572364601	1.72774653372869	max
#FFFFFF	1.78567086182247	0.837515831764226	max
#FFFFFF	1.695806132463	1.88843379911608	max
#FFFFFF	1.7064536073164	1.00792199801316	max
#FFFFFF	1.79485354671244	0.855352206984484	max
#FFFFFF	1.7064536073164	0.500725221155713	max
#FFFFFF	1.86729967178777	0.500988807684068	max
#FFFFFF	1.79565978525711	0.903968896535219	max
#FFFFFF	1.70718670661173	0.684729544069601	max
#FFFFFF	1.86849049042529	1.65434873940578	max
#FFFFFF	1.69737287371485	2.32870256041095	max
#FFFFFF	1.70718670661173	2.58389964361098	max
#FFFFFF	1.69737287371485	0.896499443141416	max
#FFFFFF	1.70718670661173	1.07190183222955	max
#FFFFFF	1.79606119914403	0.375758420497358	max
#FFFFFF	1.69737287371485	0.325064966475733	max
#FFFFFF	1.70718670661173	-0.506052911898656	max
#FFFFFF	1.79606119914403	0.10662313093128	max
#FFFFFF	1.69737287371485	1.42715620093312	max
#FFFFFF	1.70718670661173	2.05660149631238	max
#FFFFFF	1.86729967178777	3.51008382110499	max
#FFFFFF	1.79565978525711	4.2463646508084	max
#FFFFFF	1.78349920575837	-0.0421133080923389	max
#FFFFFF	1.69501678201357	-1.20578371477536	max
#FFFFFF	1.70497683162916	-0.951610512156006	max
#FFFFFF	1.69737287371485	1.47292499335622	max
#FFFFFF	1.70571699287209	0.863822119356111	max
#FFFFFF	1.65766107248907	0.817298608456839	max
#FFFFFF	1.56425716004716	1.79712351557468	max
#FFFFFF	1.61288792166534	0.226541127419916	max
#FFFFFF	1.82560936331963	3.82377790028098	max
#FFFFFF	1.73147397790809	4.2631475604779	max
#FFFFFF	1.64730325573662	0.477719678332816	max
#FFFFFF	1.78991801093228	3.75153654239642	max
#FFFFFF	1.68937607351134	1.87065897057584	max
#FFFFFF	1.59031111151726	1.44225441950573	max
#FFFFFF	2.13869841791884	5.78923805915861	max
#FFFFFF	2.09041297567357	5.63750407881593	max
#FFFFFF	2.02479506378288	5.10227955412241	max
#FFFFFF	1.69737287371485	1.66464474963298	max
#FFFFFF	1.70718670661173	2.06014902646282	max
#FFFFFF	1.86990561317406	0.476029533426046	max
#FFFFFF	1.79646148411469	0.0670009402291583	max
#FFFFFF	1.86729967178777	0.365590882091904	max
#FFFFFF	1.7843718091207	1.96846097632636	max
#FFFFFF	1.75346059894141	0.6988451632262	max
#FFFFFF	1.69737287371485	1.66633348011723	max
#FFFFFF	1.70273474429601	1.8474077270499	max
#FFFFFF	1.86872738718107	1.91363364418324	max
#FFFFFF	1.79686064611672	0.903131089798711	max
#FFFFFF	1.70791632199672	0.966413227672995	max
#FFFFFF	1.69737287371485	1.45718633623486	max
#FFFFFF	1.70718670661173	1.6250296642299	max
#FFFFFF	2.15569735632167	5.99560703962612	max
#FFFFFF	2.16205316619808	5.34957083832281	max
#FFFFFF	2.02479506378288	4.40895989061435	max
#FFFFFF	2.15569735632167	5.30555343594845	max
#FFFFFF	2.16205316619808	5.67839425408406	max
#FFFFFF	2.02479506378288	4.7856236971503	max
#FFFFFF	2.15569735632167	3.51424679358608	max
#FFFFFF	1.86872738718107	0.513667465953807	max
#FFFFFF	1.70718670661173	-0.00460949939986941	max
#FFFFFF	1.70198007088883	-1.45525182574808	max
#FFFFFF	2.15569735632167	4.48982053307759	max
#FFFFFF	2.09041297567357	3.12614998499344	max
#FFFFFF	2.13869841791884	5.78923805915861	max
#FFFFFF	2.09041297567357	5.63750407881593	max
#FFFFFF	2.02479506378288	5.10227955412241	max
#FFFFFF	1.86512913940915	1.45953215376755	max
#FFFFFF	1.79565978525711	1.62396116768187	max
#FFFFFF	1.78480613289032	1.81698701243117	max
#FFFFFF	1.70571699287209	0.713186634850436	max
#FFFFFF	2.09041297567357	6.12283464327781	max
#FFFFFF	2.02479506378288	1.66853638023872	max
#FFFFFF	2.13869841791884	3.49828453972798	max
#FFFFFF	2.15569735632167	6.19803424514042	max
#FFFFFF	2.13413928302383	4.38500760789859	max
#FFFFFF	2.02479506378288	3.91175346276134	max
#FFFFFF	1.75346059894141	0.640215513050409	max
#FFFFFF	1.7064536073164	0.745614947857665	max
